familia,modelo,n_test,mae,rmse,r2,localidad,skill_vs_persistencia
hurto,persistencia,12,12.583333333333334,16.306951482931034,0.9208908354681431,Antonio Nariño,0.0
hurto,bosque,12,13.480972632071087,14.919376969300957,0.933781000500158,Antonio Nariño,-0.07133557340962282
hurto,red_residual,12,13.827143033345541,16.59150760382966,0.918105838489003,Antonio Nariño,-0.09884580397447995
hurto,mlp,12,14.98601302664075,17.58345435040635,0.9080207982138528,Antonio Nariño,-0.19094143258072171
hurto,bosque,18,25.599096402264674,31.959973957100043,0.8472149907461599,Barrios Unidos,0.1305967259608224
hurto,red_residual,18,29.41717741224501,35.520536208799626,0.8112760848266214,Barrios Unidos,0.000926050150169444
hurto,persistencia,18,29.444444444444443,35.53871128783372,0.8110829036426414,Barrios Unidos,0.0
hurto,mlp,18,31.326184212525398,38.020470930102256,0.7837764989970666,Barrios Unidos,-0.0639081430669004
hurto,bosque,12,13.364126892265269,17.398862324752184,0.9701121834663149,Bosa,0.308752057296624
hurto,red_residual,12,15.219648679097494,21.619465836100577,0.9538531135585322,Bosa,0.21277679246047443
hurto,mlp,12,18.554845460413862,24.490782604340097,0.9407814441769976,Bosa,0.040266614116524324
hurto,persistencia,12,19.333333333333332,26.620793877468543,0.9300328005528923,Bosa,0.0
hurto,bosque,6,10.129886276919752,11.828444914015973,-0.39139114006098685,Candelaria,0.15584281025668734
hurto,persistencia,6,12.0,13.341664064126334,-0.7701657458563536,Candelaria,0.0
hurto,red_residual,6,12.608065923055014,14.917244528123964,-1.2129476892890603,Candelaria,-0.05067216025458454
hurto,mlp,6,22.364040139249383,27.013354208592173,-6.256896961756662,Candelaria,-0.8636700116041152
hurto,bosque,10,22.12734656373744,31.477101825334735,0.6850338425936844,Chapinero,0.3274362746584365
hurto,mlp,10,28.0967377853595,34.28757806230555,0.6262785433794387,Chapinero,0.14599581199515188
hurto,red_residual,10,28.438821411132814,34.47229771049529,0.622240949900495,Chapinero,0.13559813340021842
hurto,persistencia,10,32.9,41.4981927317323,0.45256472203855347,Chapinero,0.0
hurto,persistencia,6,13.0,16.89181261242657,-0.47163323782234956,Ciudad Bolívar,0.0
hurto,mlp,6,14.247114053694032,17.123088455727938,-0.5122071199794562,Ciudad Bolívar,-0.0959318502841564
hurto,red_residual,6,14.35317866007487,16.955937780467227,-0.4828277559516809,Ciudad Bolívar,-0.10409066615960527
hurto,bosque,6,15.681582076675134,16.261293544727355,-0.36382063594849523,Ciudad Bolívar,-0.2062755443596258
hurto,red_residual,30,14.625859483083088,19.78184588869556,0.9399183970641872,Engativá,0.13113706041090556
hurto,bosque,30,15.220780560495484,20.152385237442207,0.9376465057898198,Engativá,0.09579521422799098
hurto,mlp,30,16.254276818404872,21.087792270607313,0.9317236789000438,Engativá,0.034399396926443226
hurto,persistencia,30,16.833333333333332,22.862633269157776,0.9197471651009775,Engativá,0.0
hurto,bosque,6,6.90931685531768,7.790815045337598,-0.2785750535656597,Fontibón,0.23229812718692444
hurto,red_residual,6,7.3941224416097,9.279851836936745,-0.8140218865757394,Fontibón,0.17843083982114438
hurto,mlp,6,8.643784899469964,9.01459312608135,-0.7117987198575499,Fontibón,0.03957945561444853
hurto,persistencia,6,9.0,9.60902353693305,-0.9449970743124636,Fontibón,0.0
hurto,red_residual,30,15.102124754587809,18.725466741444187,0.8725789301739563,Kennedy,0.14516274974031274
hurto,mlp,30,16.40567743259459,20.65628909408793,0.8449468654673843,Kennedy,0.07137674909841951
hurto,bosque,30,17.59148201111215,22.95334081736991,0.808544540730239,Kennedy,0.004255735220067169
hurto,persistencia,30,17.666666666666668,21.937790833779655,0.8251113091375848,Kennedy,0.0
hurto,mlp,6,38.609503560334055,49.26100956397642,-0.5382053118771388,Los Mártires,0.2120509477482846
hurto,bosque,6,43.523909642829864,55.6868349820172,-0.9656797360822449,Los Mártires,0.11175694606469666
hurto,red_residual,6,44.1094970703125,52.5091567610324,-0.7477438341902749,Los Mártires,0.09980618223852045
hurto,persistencia,6,49.0,55.97618541248889,-0.9861602662299931,Los Mártires,0.0
hurto,bosque,30,13.779967479994156,17.383203518853087,0.8259245893588497,Puente Aranda,0.25781144631988384
hurto,red_residual,30,14.578296407063801,17.877484578304667,0.8158843850431068,Puente Aranda,0.21481347897322434
hurto,persistencia,30,18.566666666666666,22.833454987510468,0.6996545480032337,Puente Aranda,0.0
hurto,mlp,30,19.35600346260395,21.93872022523207,0.7227315987067113,Puente Aranda,-0.042513651486747905
hurto,bosque,24,15.30032530434764,19.235733911973853,0.7795240030370392,Rafael Uribe Uribe,0.15194501777287917
hurto,red_residual,24,16.06961139043172,20.052799874171175,0.7603961276493343,Rafael Uribe Uribe,0.10930560422549362
hurto,persistencia,24,18.041666666666668,23.138171924333175,0.6809917748644574,Rafael Uribe Uribe,0.0
hurto,mlp,24,21.67859162577263,25.998279408598503,0.5972523572636887,Rafael Uribe Uribe,-0.20158475523912944
hurto,bosque,12,11.466310242501047,13.405062168300258,0.49169702378880586,San Cristóbal,0.23557931716659686
hurto,mlp,12,11.545804768757499,14.6942286141586,0.3892287689829953,San Cristóbal,0.23027968208283345
hurto,red_residual,12,13.024454116821289,15.005452443650219,0.3630825065793435,San Cristóbal,0.1317030588785807
hurto,persistencia,12,15.0,17.13670524536927,0.16930873946608527,San Cristóbal,0.0
hurto,bosque,24,16.597954439507237,19.867032078971405,0.918863666421696,Santa Fe,0.016417514695867386
hurto,persistencia,24,16.875,21.82601658571715,0.9020739234955204,Santa Fe,0.0
hurto,red_residual,24,17.683022836844128,21.76328769139639,0.9026360019815021,Santa Fe,-0.047882834775948346
hurto,mlp,24,21.608062835983645,25.421625839016915,0.8671516889413796,Santa Fe,-0.2804777976879198
hurto,red_residual,36,15.176849471198189,19.54995898846332,0.9390388381042336,Suba,0.04979725049889594
hurto,bosque,36,15.83088882390358,20.834907694029145,0.930761971053419,Suba,0.008848699720819253
hurto,persistencia,36,15.972222222222221,21.53614532722965,0.9260228695878197,Suba,0.0
hurto,mlp,36,20.023899408623507,25.08043828836837,0.8996697769286365,Suba,-0.2536702238442543
hurto,bosque,30,19.87518129444195,25.577632311434854,0.8903065492803134,Teusaquillo,0.13586168285034994
hurto,persistencia,30,23.0,29.55334160463077,0.8535554525098512,Teusaquillo,0.0
hurto,red_residual,30,23.97358856201172,32.492017516401916,0.8229836521753735,Teusaquillo,-0.04232993747877045
hurto,mlp,30,26.027254517446877,35.6097028963263,0.7873836201555349,Teusaquillo,-0.13161976162812516
hurto,bosque,12,17.977095964484494,26.49294198411707,0.6913097087612512,Tunjuelito,0.2155449033679494
hurto,red_residual,12,19.431363423665363,26.41779045312494,0.6930585250896977,Tunjuelito,0.15208595969460237
hurto,persistencia,12,22.916666666666668,30.404221198160407,0.5934346519412612,Tunjuelito,0.0
hurto,mlp,12,24.523268814264394,31.382039349054505,0.5668633643633568,Tunjuelito,-0.07010627553153714
hurto,red_residual,36,14.154553016026815,19.96554361310123,0.8132635618216004,Usaquén,0.1591354643944466
hurto,mlp,36,15.463294825214424,20.623758112231535,0.8007481306383626,Usaquén,0.08138842622488562
hurto,bosque,36,15.703788591336933,20.871465580137862,0.7959330451523372,Usaquén,0.06710166784137028
hurto,persistencia,36,16.833333333333332,23.545464295462278,0.7402944029888512,Usaquén,0.0
hurto,mlp,6,7.524426851185553,9.809894208872551,-0.21091397344067264,Usme,0.47503998712658935
hurto,bosque,6,12.094244434342363,15.208570407921833,-1.9104586154134093,Usme,0.15621550458076539
hurto,red_residual,6,13.435003280639648,15.119392796505469,-1.8764269092138317,Usme,0.06267418972281524
hurto,persistencia,6,14.333333333333334,16.15549442140351,-2.284166375393219,Usme,0.0
violencia,bosque,12,36.836756649562375,52.17090198471769,0.929993978197364,Antonio Nariño,0.35468455504416285
violencia,mlp,12,42.57362540781182,54.47744506864717,0.9236670281128407,Antonio Nariño,0.25418466438869813
violencia,persistencia,12,57.083333333333336,81.58890855992621,0.8287853370523212,Antonio Nariño,0.0
violencia,red_residual,12,57.085679372151695,81.61476889426775,0.8286767838138793,Antonio Nariño,-4.109849024858114e-05
violencia,bosque,18,44.976438426813694,56.5376127362359,0.8981761732148693,Barrios Unidos,0.13414343135545825
violencia,persistencia,18,51.94444444444444,71.27528791009313,0.8381724564186921,Barrios Unidos,0.0
violencia,red_residual,18,51.98584493001302,71.41417752516281,0.837541155870315,Barrios Unidos,-0.0007970146954379143
violencia,mlp,18,56.13192337113638,72.31536078231942,0.8334151140420494,Barrios Unidos,-0.08061456757267904
violencia,red_residual,12,73.61111958821614,107.93695670665629,0.9814174720372405,Bosa,0.0007540327391474255
violencia,persistencia,12,73.66666666666667,108.04782891540826,0.981379276702869,Bosa,0.0
violencia,bosque,12,77.08948529580955,117.81136376874224,0.977861977533174,Bosa,-0.046463601300582136
violencia,mlp,12,84.91395354443232,108.98312677553385,0.981055507093944,Bosa,-0.1526781024131083
violencia,bosque,6,35.78415867790817,43.85743817846847,-0.4474006774276167,Candelaria,0.19283852606222185
violencia,mlp,6,39.882725804813255,56.524578948283505,-1.4042350475555794,Candelaria,0.10038964350045299
violencia,persistencia,6,44.333333333333336,54.49158956511852,-1.2344014548190883,Candelaria,0.0
violencia,red_residual,6,44.40827941894531,54.5050632987841,-1.2355065593812968,Candelaria,-0.00169051320929281
violencia,mlp,10,63.42224725794789,72.60957207286019,0.36312000031361347,Chapinero,0.32886510838150385
violencia,bosque,10,72.75414589624964,86.19076598638344,0.10258910674811317,Chapinero,0.2301148582407445
violencia,persistencia,10,94.5,114.10039439020358,-0.5726937010832209,Chapinero,0.0
violencia,red_residual,10,94.58875732421875,114.19937305509254,-0.5754234136348111,Chapinero,-0.0009392309441136337
violencia,bosque,6,43.38405279957999,55.81412722198141,-0.376502702881383,Ciudad Bolívar,0.37124561160029
violencia,red_residual,6,68.935791015625,87.47028792962112,-2.3807254641128917,Ciudad Bolívar,0.0009305649909420177
violencia,persistencia,6,69.0,87.45665593119067,-2.3796717931093734,Ciudad Bolívar,0.0
violencia,mlp,6,70.11029298886744,78.24695276349118,-1.7053512476991481,Ciudad Bolívar,-0.01609120273720932
violencia,bosque,30,41.24223877150989,62.40110243884884,0.9721352421131535,Engativá,0.26044999214267983
violencia,persistencia,30,55.766666666666666,73.31825602581301,0.9615324079847838,Engativá,0.0
violencia,red_residual,30,55.83983008066813,73.32421570662271,0.9615261540475015,Engativá,-0.0013119560191534596
violencia,mlp,30,68.7013820352506,102.21599298391759,0.9252332585953128,Engativá,-0.23194349136731507
violencia,red_residual,6,15.2375119527181,19.926793702572997,-5.485832968029265,Fontibón,0.006249220474906614
violencia,persistencia,6,15.333333333333334,19.8158185969358,-5.413793103448275,Fontibón,0.0
violencia,bosque,6,25.65689854683815,30.20569814111427,-13.902827226368466,Fontibón,-0.6732759921850966
violencia,mlp,6,33.79669807476201,39.56610672206384,-24.570401470554827,Fontibón,-1.2041324831366529
violencia,bosque,30,67.38661011349329,81.81898851303504,0.9541735812210339,Kennedy,0.4062853734493983
violencia,mlp,30,78.32291364179626,98.50753579317616,0.9335726974186815,Kennedy,0.3099302762837334
violencia,red_residual,30,113.45977121988932,165.04855337394505,0.8135204762439928,Kennedy,0.0003544385912834791
violencia,persistencia,30,113.5,165.1095595859509,0.8133825954612062,Kennedy,0.0
violencia,bosque,6,89.93112072561593,98.4096208335991,-0.41353661558383226,Los Mártires,0.17620347426916716
violencia,mlp,6,105.98884912317281,123.21051942884422,-1.2157845134092926,Los Mártires,0.029109779024371174
violencia,persistencia,6,109.16666666666667,126.13947307114718,-1.3223836785001866,Los Mártires,0.0
violencia,red_residual,6,109.21060180664062,126.3020780863556,-1.3283750565249801,Los Mártires,-0.0004024592974714025
violencia,mlp,30,47.42561985186697,58.356265027225504,0.8396113642942548,Puente Aranda,0.09722804850507039
violencia,bosque,30,51.84335201305611,66.4090193817134,0.7922922257581437,Puente Aranda,0.013134162188018106
violencia,persistencia,30,52.53333333333333,73.38074225117468,0.7463920765957407,Puente Aranda,0.0
violencia,red_residual,30,52.57693990071615,73.4725676074098,0.7457569724050102,Puente Aranda,-0.0008300742522109328
violencia,bosque,24,52.42424762172191,66.14083954441293,0.863949745817229,Rafael Uribe Uribe,0.32063609993448927
violencia,mlp,24,74.99687436690532,96.63516383020058,0.7095774558611228,Rafael Uribe Uribe,0.02811825874420759
violencia,red_residual,24,77.14175542195638,104.68522601083377,0.6591755511762097,Rafael Uribe Uribe,0.00032282390553295404
violencia,persistencia,24,77.16666666666667,104.73219816910812,0.6588696273656831,Rafael Uribe Uribe,0.0
violencia,mlp,12,51.44210316254555,68.91973939509248,0.7610104552910424,San Cristóbal,0.45563911997306294
violencia,bosque,12,70.17045008633737,76.84045469834746,0.7029213094904607,San Cristóbal,0.2574555546419326
violencia,persistencia,12,94.5,116.36866703140784,0.3186601854362392,San Cristóbal,0.0
violencia,red_residual,12,94.51067352294922,116.3360813603994,0.31904171092943845,San Cristóbal,-0.00011294733279587632
violencia,bosque,24,38.048433566657536,49.78799749920278,0.9317206500986359,Santa Fe,0.09138069094549173
violencia,persistencia,24,41.875,58.626288187695,0.9053272796560837,Santa Fe,0.0
violencia,red_residual,24,41.94026152292887,58.68775963358517,0.9051286411191457,Santa Fe,-0.001558484129644766
violencia,mlp,24,42.18946982536049,57.55698210113598,0.9087493244880586,Santa Fe,-0.00750972717278775
violencia,bosque,36,68.05831752031867,114.95301317054054,0.9770232782903469,Suba,0.2021818851411683
violencia,mlp,36,72.94687953614095,112.38766480548304,0.978037355085375,Suba,0.14487539456168208
violencia,persistencia,36,85.30555555555556,164.1568524985242,0.9531439819887351,Suba,0.0
violencia,red_residual,36,85.45497088962131,164.08638873152807,0.95318419892606,Suba,-0.0017515311059481675
violencia,persistencia,30,30.766666666666666,40.26619756901149,0.9303740993539076,Teusaquillo,0.0
violencia,red_residual,30,30.845002365112304,40.27769042414444,0.9303343481662958,Teusaquillo,-0.0025461223763478813
violencia,bosque,30,32.47046789965047,42.967744343822574,0.9207179818887399,Teusaquillo,-0.05537815491821685
violencia,mlp,30,37.10033501098666,48.42244585018066,0.899310767572923,Teusaquillo,-0.20586137630509205
violencia,bosque,12,60.33009063125157,80.75324286686417,0.9125581370273411,Tunjuelito,0.3352056128787706
violencia,red_residual,12,90.66649627685547,114.1757751920646,0.8251975978852668,Tunjuelito,0.0009201512192235084
violencia,persistencia,12,90.75,114.301866418124,0.8248112949274512,Tunjuelito,0.0
violencia,mlp,12,94.2893988864721,133.32102748696462,0.76166009459875,Tunjuelito,-0.039001640622282174
violencia,bosque,36,38.322229522198114,49.88539156704557,0.9491287503429966,Usaquén,0.31465461361195624
violencia,mlp,36,50.315359551173735,62.254946003780944,0.9207729734521706,Usaquén,0.10017240743057398
violencia,persistencia,36,55.916666666666664,72.86040686743993,0.8914802412849908,Usaquén,0.0
violencia,red_residual,36,55.9661357667711,72.90857773666174,0.8913367005231575,Usaquén,-0.0008846932954593711
violencia,mlp,6,48.04175586407744,70.718240380254,-2.909715798589719,Usme,0.17877340403286435
violencia,bosque,6,57.30007662131367,64.49738349138953,-2.2521194636251223,Usme,0.02051151074677482
violencia,red_residual,6,58.45927429199219,66.72878629922157,-2.481037876062857,Usme,0.0006961659488514682
violencia,persistencia,6,58.5,66.76451153120196,-2.4847662272796374,Usme,0.0
